ID,Civilité,Prénom
21121,Non déterminé,Abdenbi
21406,Non déterminé,Abdenbi
21457,Non déterminé,Abdenbi
21360,Non déterminé,Abraham
21280,Non déterminé,Afif
21291,Non déterminé,Alexandre
21472,Non déterminé,Alexandre
21383,Non déterminé,Alexis
21461,Non déterminé,Amandine
21464,Non déterminé,Amandine
21071,Non déterminé,Anne
21276,Non déterminé,Anthony
21387,Non déterminé,Anthony
21322,Non déterminé,Antonin
21314,Non déterminé,Arnaud
21319,Non déterminé,Arnaud
21296,Non déterminé,Arnaud
21468,Non déterminé,Arnaud
21106,Non déterminé,Arthur
21391,Non déterminé,Arthur
21091,Non déterminé,Basile
21283,Non déterminé,Bénédicte
21363,Non déterminé,Benjamin
21442,Non déterminé,Benjamin
21470,Non déterminé,Benjamin
21356,Non déterminé,Benoît
21337,Non déterminé,Benoît
21326,Non déterminé,Bruno
21365,Non déterminé,Camille
21307,Non déterminé,Carole
21374,Non déterminé,Caroline
21310,Non déterminé,Caroline
21294,Non déterminé,Cécile
21448,Non déterminé,Célia
21361,Non déterminé,Céline
21135,Non déterminé,Charlène
21420,Non déterminé,Charlène
21128,Non déterminé,Charles-Edouard
21413,Non déterminé,Charles-Edouard
21081,Non déterminé,Charly
21378,Non déterminé,Chiara
21382,Non déterminé,Christian
21099,Non déterminé,Christophe
21123,Non déterminé,Christophe
21327,Non déterminé,Christophe
21346,Non déterminé,Christophe
21340,Non déterminé,Christophe
21299,Non déterminé,Christophe
21409,Non déterminé,Christophe
21408,Non déterminé,Christophe
21067,Non déterminé,Christophe 
21119,Non déterminé,Claude
21404,Non déterminé,Claude
21138,Non déterminé,Clément
21133,Non déterminé,Clément
21418,Non déterminé,Clément
21423,Non déterminé,Clément
21146,Non déterminé,Clément 
21073,Non déterminé,David
21129,Non déterminé,David
21104,Non déterminé,David
21329,Non déterminé,David
21349,Non déterminé,David
21311,Non déterminé,David
21302,Non déterminé,David
21389,Non déterminé,David
21405,Non déterminé,David
21384,Non déterminé,Déborah
21127,Non déterminé,Elia
21412,Non déterminé,Elia
21330,Non déterminé,Elodie
21350,Non déterminé,Elodie
21303,Non déterminé,Elodie
21111,Non déterminé,Emilie
21140,Non déterminé,Emilie
21425,Non déterminé,Emilie
21396,Non déterminé,Emilie
21054,Non déterminé,Emmanuel
21320,Non déterminé,Emmanuel
21315,Non déterminé,Emmanuel
21089,Non déterminé,Eric
21144,Non déterminé,Eric
21290,Non déterminé,Eric
21479,Non déterminé,Eric
21139,Non déterminé,Etienne
21110,Non déterminé,Etienne
21145,Non déterminé,Etienne
21395,Non déterminé,Etienne
21432,Non déterminé,Franck
21118,Non déterminé,François
21107,Non déterminé,Frank-Elie
21095,Non déterminé,Frédéric
21105,Non déterminé,Frédéric
21368,Non déterminé,Frédéric
21369,Non déterminé,Frédéric
21358,Non déterminé,Frédéric
21390,Non déterminé,Frédéric
21474,Non déterminé,Frédéric
21077,Non déterminé,gaby
21359,Non déterminé,Gad
21399,Non déterminé,Gaëtan
21096,Non déterminé,Gailord
21117,Non déterminé,Geneviève
21402,Non déterminé,Geneviève
21287,Non déterminé,Geoffroy
21385,Non déterminé,Giacomo
21316,Non déterminé,Gilles
21321,Non déterminé,Gilles
21086,Non déterminé,Giovanni 
21064,Non déterminé,Graffi
21072,Non déterminé,Grégoire
21347,Non déterminé,Grégoire
21109,Non déterminé,Guillaume
21125,Non déterminé,Guillaume
21312,Non déterminé,Guillaume
21317,Non déterminé,Guillaume
21394,Non déterminé,Guillaume
21400,Non déterminé,Guillaume
21410,Non déterminé,Guillaume
21061,Non déterminé,Gwen
21456,Non déterminé,Gwenael
21098,Non déterminé,Gwenn
21147,Non déterminé,Hamid
21364,Non déterminé,Hervé
21372,Non déterminé,Hervé
21343,Non déterminé,Igal
21380,Non déterminé,Irene
21284,Non déterminé,Jacques-Denis
21094,Non déterminé,Jean Marc
21339,Non déterminé,Jean-Luc
21381,Non déterminé,Jean-Luc
21102,Non déterminé,Jean-Philippe
21298,Non déterminé,Jean-Pierre
21345,Non déterminé,Jean-Pierre
21325,Non déterminé,Jean-Pierre
21328,Non déterminé,Jean-Romain
21301,Non déterminé,Jean-Romain
21348,Non déterminé,Jean-Romain
21134,Non déterminé,Jérémie
21419,Non déterminé,Jérémie
21153,Non déterminé,Jérémy
21300,Non déterminé,Jessica
21271,Non déterminé,Jonathan
21466,Non déterminé,Jonathan 
21137,Non déterminé,José
21132,Non déterminé,José
21422,Non déterminé,José
21417,Non déterminé,José
21371,Non déterminé,Joseph
21085,Non déterminé,Julien
21100,Non déterminé,Julien
21309,Non déterminé,Karim
21285,Non déterminé,Karima
21449,Non déterminé,Kevin
21452,Non déterminé,Kevin
21362,Non déterminé,Laura
21142,Non déterminé,Laurent
21279,Non déterminé,Laurent
21465,Non déterminé,Linda
21282,Non déterminé,Lionel
21437,Non déterminé,Lionel
21386,Non déterminé,Loic 
21070,Non déterminé,Louis
21373,Non déterminé,Luis
21148,Non déterminé,Malik
21272,Non déterminé,Manuel
21273,Non déterminé,Marcel
21453,Non déterminé,Marcel
21097,Non déterminé,Marie-Audrey
21088,Non déterminé,Marion
21143,Non déterminé,Marius
21155,Non déterminé,Marvens
21460,Non déterminé,Mathieu
21286,Non déterminé,Mathilde
21379,Non déterminé,Matteo
21335,Non déterminé,Matthieu
21450,Non déterminé,Matthieu
21108,Non déterminé,Michel
21366,Non déterminé,Michel
21440,Non déterminé,Mickael
21057,Non déterminé,Mickael 
21304,Non déterminé,Nathalie
21352,Non déterminé,Nathalie
21367,Non déterminé,Nathalie
21332,Non déterminé,Nathalie
21473,Non déterminé,Nicolas
21082,Non déterminé,Olivier
21084,Non déterminé,Olivier
21090,Non déterminé,Olivier
21336,Non déterminé,Olivier
21355,Non déterminé,Olivier
21308,Non déterminé,Olivier
21313,Non déterminé,Othilie
21093,Non déterminé,Pascal
21306,Non déterminé,Pascal
21388,Non déterminé,Patrick
21458,Non déterminé,Patrick
21341,Non déterminé,Paul
21375,Non déterminé,Pauline
21059,Non déterminé,Philippe
21113,Non déterminé,Philippe
21069,Non déterminé,Pierre
21297,Non déterminé,Pierre
21324,Non déterminé,Pierre
21344,Non déterminé,Pierre
21451,Non déterminé,Pierre
21428,Non déterminé,Pierre 
21115,Non déterminé,Quentin
21074,Non déterminé,Ralph
21393,Non déterminé,Renaud
21288,Non déterminé,Reno
21101,Non déterminé,Robert
21289,Non déterminé,Robert
21130,Non déterminé,Robin
21122,Non déterminé,Robin
21415,Non déterminé,Robin
21407,Non déterminé,Robin
21338,Non déterminé,Rodolphe
21357,Non déterminé,Rodolphe
21114,Non déterminé,Romain
21292,Non déterminé,Romain
21370,Non déterminé,Sabine
21323,Non déterminé,Sacha
21151,Non déterminé,Salim
21141,Non déterminé,Sandra
21426,Non déterminé,Sandra
21459,Non déterminé,Sandrine
21295,Non déterminé,Sanou
21354,Non déterminé,Sébastien
21427,Non déterminé,Sébastien
21058,Non déterminé,Simon 
21475,Non déterminé,Simon 
21477,Non déterminé,Sophien
21126,Non déterminé,Stefan
21411,Non déterminé,Stefan
21480,Non déterminé,stefan
21274,Non déterminé,Stéfane
21376,Non déterminé,Stefano
21403,Non déterminé,Stephan
21275,Non déterminé,Stéphane
21281,Non déterminé,Stéphane
21277,Non déterminé,Stéphanie
21478,Non déterminé,Swann
21305,Non déterminé,Sylvain
21333,Non déterminé,Sylvain
21353,Non déterminé,Sylvain
21131,Non déterminé,Thierry
21112,Non déterminé,Thierry
21136,Non déterminé,Thierry
21318,Non déterminé,Thierry
21416,Non déterminé,Thierry
21397,Non déterminé,Thierry
21421,Non déterminé,Thierry
21080,Non déterminé,Thomas
21116,Non déterminé,Thomas
21334,Non déterminé,Thomas
21124,Non déterminé,Tristan
21092,Non déterminé,Ugo
21377,Non déterminé,Valeria
21293,Non déterminé,Valérie
21331,Non déterminé,Victorine
21351,Non déterminé,Victorine
21278,Non déterminé,Vincent
21455,Non déterminé,Vincent 
21414,Non déterminé,virgile
21152,Non déterminé,Yasmine
21154,Non déterminé,Yasmine
21342,Non déterminé,Yves