prénom,genre,languae
ana-maria,f,
ange-line,f,
ange-marie,f,
anna-maria,f,
anna-may,f,
anne-caroline,f,
anne-catherine,f,
anne-charline,f,
anne-charlotte,f,
anne-christine,f,
anne-claire,f,
anne-claude,f,
anne-cécile,f,
anne-céline,f,
anne-elisabeth,f,
anne-emmanuelle,f,
anne-fleur,f,
anne-flore,f,
anne-france,f,
anne-françoise,f,
anne-gaelle,f,
anne-hélène,f,
anne-laure,f,
anne-lise,f,
anne-lorraine,f,
anne-louise,f,
anne-lyse,f,
anne-marie,f,
anne-philippe,f,
anne-sophie,f,
anne-valérie,f,
anne-véronique,f,
annie-claude,f,
annie-france,f,
beyza-nur,f,
carole-anne,f,
claire-isabelle,f,
claire-marie,f,
emily-rose,f,
fatima-zahra,f,
fatima-zahraa,f,
fatima-zohra,f,
haya-mouchka,f,
jeanne-marie,f,
julie-marie,f,
laure-anne,f,
laure-lyne,f,
laurie-anne,f,
lili-rose,f,
lilly-rose,f,
lilou-anne,f,
lily-rose,f,
lisa-marie,f,
lise-marie,f,
lory-anne,f,
lou-ann,f,
lou-anne,f,
louise-marie,f,
lucie-marie,f,
mai-lee,f,
marguerite-marie,f,
maria-cruz,f,
maria-dolores,f,
maria-luisa,f,
marie-agnès,f,
marie-aimée,f,
marie-albertine,f,
marie-alice,f,
marie-aline,f,
marie-alix,f,
marie-amélie,f,
marie-andrée,f,
marie-ange,f,
marie-angèle,f,
marie-anne,f,
marie-annette,f,
marie-annick,f,
marie-annie,f,
marie-antoinette,f,
marie-astrid,f,
marie-aude,f,
marie-benedicte,f,
marie-bernadette,f,
marie-blanche,f,
marie-brigitte,f,
marie-béatrice,f,
marie-camille,f,
marie-carmen,f,
marie-caroline,f,
marie-catherine,f,
marie-chantal,f,
marie-charlotte,f,
marie-christiane,f,
marie-christine,f,
marie-claire,f,
marie-claude,f,
marie-claudine,f,
marie-cécile,f,
marie-céline,f,
marie-danielle,f,
marie-dany,f,
marie-dominique,f,
marie-edith,f,
marie-elisabeth,f,
marie-elise,f,
marie-emilie,f,
marie-emilienne,f,
marie-emma,f,
marie-emmanuel,f,
marie-emmanuelle,f,
marie-estelle,f,
marie-eve,f,
marie-flore,f,
marie-france,f,
marie-francoise,f,
marie-frantz,f,
marie-gabrielle,f,
marie-geneviève,f,
marie-henriette,f,
marie-héloïse,f,
marie-isabelle,f,
marie-jeanne,f,
marie-josee,f,
marie-joseph,f,
marie-josephe,f,
marie-josephine,f,
marie-josette,f,
marie-josé,f,
marie-joëlle,f,
marie-julie,f,
marie-laure,f,
marie-laurence,f,
marie-liesse,f,
marie-line,f,
marie-lise,f,
marie-lou,f,
marie-louise,f,
marie-luce,f,
marie-lucette,f,
marie-lucie,f,
marie-lyne,f,
marie-lys,f,
marie-madeleine,f,
marie-marguerite,f,
marie-martine,f,
marie-melodie,f,
marie-michelle,f,
marie-michèle,f,
marie-noele,f,
marie-noelle,f,
marie-odile,f,
marie-pascale,f,
marie-paule,f,
marie-pierre,f,
marie-reine,f,
marie-renée,f,
marie-rita,f,
marie-rose,f,
marie-sarah,f,
marie-sophie,f,
marie-suzanne,f,
marie-sylvie,f,
marie-thereze,f,
marie-véronique,f,
marie-yvonne,f,
may-line,f,
odile-marie,f,
reine-marie,f,
rosa-maria,f,
rose-maria,f,
rose-marie,f,
rose-may,f,
sainte-croix,f,
stella-rose,f,
